mem_footprint,title_base,m,n,nnz,sparsity,nnz_per_row_avg,nnz_per_row_std,bw_avg_n,nnz_max_diff,num_neigh_avg,cross_row_similarity_avg,GFLOPS-AOCL-k=256,GFLOPS-COO_ColInd0_Vec-k=256,GFLOPS-COO_Hilbert_Seg_NoAtomic-k=256,GFLOPS-COO_RowSplit_Vec-k=256,GFLOPS-COO_Z_Seg_NoAtomic-k=256,GFLOPS-MKL_IE-k=256
0.11958,citeseer,3327,3327,9340,0.9991561966,2.8073339345,3.406949397,0.3018600083,34.6209850107,0.0267665953,0.0047964401,85.08,237.01,140.55,183.92,164.95,155.85
0.13459,cora,2708,2708,10858,0.9985193496,4.0096011817,5.306476853,0.453829018,41.1488303555,0.0664947504,0.0075942957,145.48,256.3,191.84,205.42,193.03,116.55
1.09,pubmed,19717,19717,88673,0.9997719082,4.4972866055,7.4350703478,0.3189278054,37.0229269338,0.0179987144,0.0059940156,190.47,420.41,213.1,249.37,215.85,208.94
2.02078,PROTEINS,43471,43471,162088,0.9999142268,3.728646684,1.1496070551,0.0008968228,5.704845516,0.4526306698,0.613679469,260.83,420.1,320.73,389.24,322.67,271.25
12.23755,ogbl-ddi,4267,4267,1067911,0.9413470616,250.2720881181,286.4443151834,0.836752962,7.127154791,0.3705814436,0.2779362704,270.99,688.45,480.46,363.1,443.96,291.25
11.97344,ogbl-collab,235868,235868,967632,0.9999826071,4.1024301728,9.1881456867,0.303028874,70.9085974833,0.0002004894,0.0001206713,17.19,41.26,17.77,17.6,18.52,19.88
13.99259,ogbn-arxiv,169343,169343,1166243,0.9999593318,6.886868663,8.8794014726,0.4921390073,62.3088884564,0.0003978588,0.0044457039,31.7,102.41,29.83,31.02,30.93,38.8
18.93169,harvard,15126,15126,1649234,0.9927916795,109.0330556657,111.5702473898,0.8761281213,9.8499206298,0.0279378184,0.0258052054,345.81,682.74,309.59,332.36,323.52,312.58
22.46893,com-Amazon,334863,334863,1851744,0.9999834862,5.5298554931,5.761629945,0.5733564818,98.2792670045,0.008619982,0.005224877,17.73,48.73,14.02,17.48,14.29,20.55
26.06317,REDDIT-BINARY,859254,859254,1991016,0.9999973033,2.3171448722,20.6676231424,0.0001569538,1320.4538446703,0.2706135963,0.2715859626,27.51,20.63,16.25,16.55,16.52,27.44
39.98073,amazon0505,410236,410236,3356824,0.9999800538,8.1826655876,3.0731714362,0.342092999,0.2220956476,0.4753725545,0.2833504603,29.14,69.52,20.64,26.13,19.57,32.3
52.37632,OVCAR-8H,1890931,1890931,3946402,0.9999988963,2.0870153379,1.1623768305,5.9109e-06,1.395765814,0.2505015961,0.601441875,24.94,18.63,14.95,14.96,15.0,24.86
66.59933,wiki-Talk,2394385,2394385,5021410,0.9999991241,2.0971606488,99.9150152154,0.0090130389,47693.0095451278,0.1444343322,0.4074190875,5.17,13.2,9.62,9.38,9.65,18.02
70.84245,roadNet-CA,1971281,1971281,5533214,0.9999985761,2.8069128653,1.0052779193,0.0044810971,3.2751594281,0.1617999954,0.3582619821,28.71,24.98,17.3,18.49,17.53,28.49
72.71055,com-Youtube,1134890,1134890,5975248,0.9999953607,5.2650459516,50.7543429107,0.1948996348,5460.3008631608,0.2820713048,0.4391655358,14.6,40.08,18.37,20.57,17.84,28.97
89.59586,web-BerkStan,685230,685230,7600595,0.9999838127,11.0920347912,16.3560322707,0.0804534539,21.4485411997,0.4933724268,0.7765961547,96.75,90.28,52.57,72.23,53.21,113.99
424.58469,sx-stackoverflow,2601977,2601977,36233450,0.9999946482,13.925353683,137.8498583104,0.2401553809,2738.4636336314,0.0030920048,0.116580017,14.13,92.35,21.32,24.4,20.94,29.01
453.24818,ogbn-proteins,132534,132534,39561252,0.9977477561,298.4988908506,395.0593978917,0.3699590734,23.013489563,0.3525904084,0.1958088653,92.63,612.89,279.01,104.52,274.29,112.49
