path_sparsity,mem_footprint,title_base,m,n,nnz,computed_sparsity,nnz_per_row_avg,nnz_per_row_std,bw_avg_n,nnz_max_diff,num_neigh_avg,cross_row_similarity_avg
0.95,0.13354,body_decoder_layer_5_encdec_attention_multihead_attention_k,512,512,11498,0.9561386108,22.4570312500,9.1652637680,0.8846511841,2.3397112541,0.0974082449,0.1476144965
0.95,0.58468,body_decoder_layer_5_encdec_attention_multihead_attention_output_transform,512,512,50919,0.8057594299,99.4511718750,12.1062015436,0.9843215942,0.6691608241,0.3995365188,0.4866224848
0.95,0.18455,body_decoder_layer_5_encdec_attention_multihead_attention_q,512,512,15955,0.9391365051,31.1621093750,11.9606732639,0.9265403748,1.0216859919,0.1482920715,0.1824822542
0.95,0.40958,body_decoder_layer_5_encdec_attention_multihead_attention_v,512,512,35619,0.8641242981,69.5683593750,15.9933828737,0.9481391907,0.6530503383,0.3088239423,0.3810926576
0.95,1.04652,body_decoder_layer_5_ffn_conv1,2048,512,90763,0.9134416580,44.3178710938,18.3832898222,0.9491167068,2.9261813735,0.1982085211,0.2395031500
0.95,0.76735,body_decoder_layer_5_ffn_conv2,512,2048,66881,0.9362173080,130.6269531250,42.0474004298,0.9840373993,6.4640032296,0.1424619847,0.1973179910
0.95,0.02498,body_decoder_layer_5_self_attention_multihead_attention_k,512,512,2012,0.9923248291,3.9296875000,3.8378941038,0.4046134949,6.3797216700,0.0357852883,0.0865398548
0.95,0.11332,body_decoder_layer_5_self_attention_multihead_attention_output_transform,512,512,9731,0.9628791809,19.0058593750,11.2840614937,0.8095588684,10.1544548351,0.1268112219,0.1439015609
0.95,0.02648,body_decoder_layer_5_self_attention_multihead_attention_q,512,512,2143,0.9918251038,4.1855468750,4.3717338359,0.4271049500,8.7956136258,0.0317312179,0.0590923151
0.95,0.09534,body_decoder_layer_5_self_attention_multihead_attention_v,512,512,8160,0.9688720703,15.9375000000,10.0558984556,0.8144416809,2.0117647059,0.0835784314,0.0942337788
0.95,0.17550,body_encoder_layer_5_ffn_conv1,2048,512,14652,0.9860267639,7.1542968750,12.7502535626,0.3340787888,16.7515697516,0.1319956320,0.0991048311
0.95,0.10923,body_encoder_layer_5_ffn_conv2,512,2048,9374,0.9910602570,18.3085937500,18.0659189123,0.8789987564,16.8604651163,0.0298698528,0.0602100710
0.95,0.03489,body_encoder_layer_5_self_attention_multihead_attention_k,512,512,2878,0.9890213013,5.6210937500,6.3122667326,0.4317398071,5.7602501737,0.0701876303,0.0888825876
0.95,0.06612,body_encoder_layer_5_self_attention_multihead_attention_output_transform,512,512,5607,0.9786109924,10.9511718750,7.5205161185,0.7249565125,8.4967005529,0.1369716426,0.1263888786
0.95,0.03202,body_encoder_layer_5_self_attention_multihead_attention_q,512,512,2627,0.9899787903,5.1308593750,5.5744661358,0.4209136963,4.2622763609,0.0875523411,0.0847157243
0.95,0.04987,body_encoder_layer_5_self_attention_multihead_attention_v,512,512,4187,0.9840278625,8.1777343750,9.3632036380,0.5162658691,5.3587294005,0.0864580845,0.0635253698
0.95,14.44390,symbol_modality_33288_512_shared_weights_0_aux,33288,512,1251031,0.9265975750,37.5820415765,36.5026204333,0.8928252580,9.5369475257,0.2871711412,0.2142820107
0.95,0.15195,body_decoder_layer_0_encdec_attention_multihead_attention_k_fully_connected,512,512,13107,0.9500007629,25.5996093750,9.9922743518,0.9163055420,1.0312809949,0.1184100099,0.1440910982
0.95,0.15195,body_decoder_layer_0_encdec_attention_multihead_attention_output_transform_fully_connected,512,512,13107,0.9500007629,25.5996093750,15.8730879706,0.9008522034,12.2814526589,0.1420614939,0.1492938582
0.95,0.15195,body_decoder_layer_0_encdec_attention_multihead_attention_q_fully_connected,512,512,13107,0.9500007629,25.5996093750,8.9885908502,0.9236335754,1.1484702831,0.1170366979,0.1445477972
0.95,0.15195,body_decoder_layer_0_encdec_attention_multihead_attention_v_fully_connected,512,512,13107,0.9500007629,25.5996093750,10.7395406895,0.9105606079,1.4219119554,0.1242084382,0.1463465055
0.95,0.60781,body_decoder_layer_0_ffn_conv1_fully_connected,2048,512,52428,0.9500007629,25.5996093750,10.0784442703,0.9127559662,9.5470359350,0.1201647974,0.1393567271
0.95,0.60195,body_decoder_layer_0_ffn_conv2_fully_connected,512,2048,52428,0.9500007629,102.3984375000,30.0355492094,0.9763641357,3.5703822385,0.1067368582,0.1501580154
0.95,0.15195,body_decoder_layer_0_self_attention_multihead_attention_k_fully_connected,512,512,13107,0.9500007629,25.5996093750,13.6120150225,0.8014068604,1.1875333791,0.2534523537,0.1583911578
0.95,0.15195,body_decoder_layer_0_self_attention_multihead_attention_output_transform_fully_connected,512,512,13107,0.9500007629,25.5996093750,15.9185500038,0.9095191956,11.5783169299,0.1766994736,0.1971893625
0.95,0.15195,body_decoder_layer_0_self_attention_multihead_attention_q_fully_connected,512,512,13107,0.9500007629,25.5996093750,13.9278918621,0.7888641357,1.1094071870,0.2121004044,0.1950493176
0.95,0.15195,body_decoder_layer_0_self_attention_multihead_attention_v_fully_connected,512,512,13107,0.9500007629,25.5996093750,13.0722840094,0.8845443726,1.9687953002,0.1657129778,0.1532769496
0.95,0.60781,body_encoder_layer_0_ffn_conv1_fully_connected,2048,512,52428,0.9500007629,25.5996093750,8.4188358294,0.8607892990,3.2969405661,0.1966887922,0.1429204665
0.95,0.60195,body_encoder_layer_0_ffn_conv2_fully_connected,512,2048,52428,0.9500007629,102.3984375000,26.2422875110,0.9788131714,2.9453727016,0.1075761044,0.1884989663
0.95,0.15195,body_encoder_layer_0_self_attention_multihead_attention_k_fully_connected,512,512,13107,0.9500007629,25.5996093750,21.4629459004,0.6887054443,2.6328679332,0.5734340429,0.1979569149
0.95,0.15195,body_encoder_layer_0_self_attention_multihead_attention_output_transform_fully_connected,512,512,13107,0.9500007629,25.5996093750,13.6366721737,0.8864517212,6.2657358663,0.1422140841,0.1701236012
0.95,0.15195,body_encoder_layer_0_self_attention_multihead_attention_q_fully_connected,512,512,13107,0.9500007629,25.5996093750,15.9923638957,0.8583068848,2.5547417411,0.4319829099,0.2071057134
0.95,0.15195,body_encoder_layer_0_self_attention_multihead_attention_v_fully_connected,512,512,13107,0.9500007629,25.5996093750,27.8770641025,0.8604049683,7.5938811322,0.2702372778,0.1666633290
0.95,9.87931,symbol_modality_33288_512_shared_,33288,512,852171,0.9500001056,25.5999459265,9.0587641342,0.8640668888,2.2031317658,0.1242802208,0.1800616579
0.95,0.15195,body_decoder_layer_1_encdec_attention_multihead_attention_k_fully_connected,512,512,13107,0.9500007629,25.5996093750,4.7886829319,0.9254951477,0.6406500343,0.0917067216,0.1370077086
0.95,0.15195,body_decoder_layer_1_encdec_attention_multihead_attention_output_transform_fully_connected,512,512,13107,0.9500007629,25.5996093750,5.0696168960,0.9299850464,0.6015869383,0.1039139391,0.1415981843
0.95,0.15195,body_decoder_layer_1_encdec_attention_multihead_attention_q_fully_connected,512,512,13107,0.9500007629,25.5996093750,4.6860247516,0.9255027771,0.7187762264,0.0958266575,0.1440524667
0.95,0.15195,body_decoder_layer_1_encdec_attention_multihead_attention_v_fully_connected,512,512,13107,0.9500007629,25.5996093750,4.8191755490,0.9208412170,0.6015869383,0.0953688869,0.1428485949
0.95,0.60781,body_decoder_layer_1_ffn_conv1_fully_connected,2048,512,52428,0.9500007629,25.5996093750,5.0153903609,0.9226198196,0.6797131304,0.1015487907,0.1415766638
0.95,0.60195,body_decoder_layer_1_ffn_conv2_fully_connected,512,2048,52428,0.9500007629,102.3984375000,10.1366367109,0.9804248810,0.3672083619,0.0976958877,0.1451336729
0.95,0.15195,body_decoder_layer_1_self_attention_multihead_attention_k_fully_connected,512,512,13107,0.9500007629,25.5996093750,4.6449989744,0.9246978760,0.6406500343,0.1066605631,0.1449915078
0.95,0.15195,body_decoder_layer_1_self_attention_multihead_attention_output_transform_fully_connected,512,512,13107,0.9500007629,25.5996093750,4.8767865160,0.9264335632,0.6015869383,0.1011673152,0.1417918816
0.95,0.15195,body_decoder_layer_1_self_attention_multihead_attention_q_fully_connected,512,512,13107,0.9500007629,25.5996093750,4.8228217075,0.9264411926,0.6797131304,0.1014724956,0.1432747866
0.95,0.15195,body_decoder_layer_1_self_attention_multihead_attention_v_fully_connected,512,512,13107,0.9500007629,25.5996093750,4.8414147439,0.9272575378,0.7187762264,0.1074235142,0.1403786642
0.95,0.60781,body_encoder_layer_1_ffn_conv1_fully_connected,2048,512,52428,0.9500007629,25.5996093750,4.9478570018,0.9238300323,0.6797131304,0.0981918059,0.1435708386
0.95,0.60195,body_encoder_layer_1_ffn_conv2_fully_connected,512,2048,52428,0.9500007629,102.3984375000,9.5670657758,0.9789896011,0.3183794919,0.0994888228,0.1426403590
0.95,0.15195,body_encoder_layer_1_self_attention_multihead_attention_k_fully_connected,512,512,13107,0.9500007629,25.5996093750,4.8923808593,0.9236946106,0.6797131304,0.1000991836,0.1501728764
0.95,0.15195,body_encoder_layer_1_self_attention_multihead_attention_output_transform_fully_connected,512,512,13107,0.9500007629,25.5996093750,5.0068156519,0.9209442139,0.5625238422,0.0941481651,0.1402484022
0.95,0.15195,body_encoder_layer_1_self_attention_multihead_attention_q_fully_connected,512,512,13107,0.9500007629,25.5996093750,5.0052550357,0.9251060486,0.8750286107,0.0939955749,0.1450918402
0.95,0.15195,body_encoder_layer_1_self_attention_multihead_attention_v_fully_connected,512,512,13107,0.9500007629,25.5996093750,4.7221469399,0.9263763428,0.5234607462,0.0984206912,0.1424452675
0.95,9.87933,symbol_modality_33288_512_shared_,33288,512,852173,0.9499999883,25.6000060082,5.0320681559,0.9232288921,1.4218744316,0.0997215354,0.1422481915
0.95,0.25320,body_decoder_layer_2_encdec_attention_multihead_attention_k,512,512,21954,0.9162521362,42.8789062500,25.2552010496,0.8157196045,2.3349731256,0.2343080988,0.2951854383
0.95,0.14499,body_decoder_layer_2_encdec_attention_multihead_attention_output_transform,512,512,12498,0.9523239136,24.4101562500,9.5408115143,0.8885269165,2.0724915987,0.1107377180,0.1921660014
0.95,0.06444,body_decoder_layer_2_encdec_attention_multihead_attention_q,512,512,5460,0.9791717529,10.6640625000,8.1798889660,0.6515197754,3.9699633700,0.0736263736,0.0817851207
0.95,0.05758,body_decoder_layer_2_encdec_attention_multihead_attention_v,512,512,4860,0.9814605713,9.4921875000,12.0501854847,0.4207191467,4.4781893004,0.1008230453,0.1268938231
0.95,0.22932,body_decoder_layer_2_ffn_conv1,2048,512,19355,0.9815416336,9.4506835938,20.0987189988,0.1956510544,9.0521828985,0.2010849910,0.2502582712
0.95,0.23227,body_decoder_layer_2_ffn_conv2,512,2048,20125,0.9808073044,39.3066406250,12.9534063918,0.9513111115,2.2564472050,0.0446211180,0.1352932379
0.95,0.33838,body_decoder_layer_2_self_attention_multihead_attention_k,512,512,29397,0.8878593445,57.4160156250,29.3907666687,0.8658447266,2.1350137769,0.2847909651,0.3392885016
0.95,0.30512,body_decoder_layer_2_self_attention_multihead_attention_output_transform,512,512,26491,0.8989448547,51.7402343750,15.8455959953,0.9582252502,2.3436261372,0.2326073006,0.2952312913
0.95,0.08181,body_decoder_layer_2_self_attention_multihead_attention_q,512,512,6978,0.9733810425,13.6289062500,9.3359072633,0.7326049805,3.7692748639,0.0799656062,0.0959000581
0.95,0.14217,body_decoder_layer_2_self_attention_multihead_attention_v,512,512,12252,0.9532623291,23.9296875000,14.7020850954,0.7962570190,1.7580803134,0.1299379693,0.1642206925
0.95,0.04991,body_encoder_layer_2_ffn_conv1,2048,512,3678,0.9964923859,1.7958984375,9.6801051803,0.0361890793,60.2506797172,0.2234910277,0.3209354163
0.95,0.03669,body_encoder_layer_2_ffn_conv2,512,2048,3035,0.9971055984,5.9277343750,4.6330854519,0.5671386719,4.9044481054,0.0144975288,0.1077490194
0.95,0.04682,body_encoder_layer_2_self_attention_multihead_attention_k,512,512,3920,0.9850463867,7.6562500000,18.8906960813,0.2332191467,19.5061224490,0.2474489796,0.2261049226
0.95,0.07679,body_encoder_layer_2_self_attention_multihead_attention_output_transform,512,512,6539,0.9750556946,12.7714843750,8.4924442144,0.5942535400,2.9149717082,0.1520110109,0.2129215734
0.95,0.01677,body_encoder_layer_2_self_attention_multihead_attention_q,512,512,1294,0.9950637817,2.5273437500,6.4637839010,0.1638221741,25.5100463679,0.1452859351,0.0799782072
0.95,0.04666,body_encoder_layer_2_self_attention_multihead_attention_v,512,512,3906,0.9850997925,7.6289062500,17.4235771135,0.2217407227,11.4526369688,0.1730670763,0.2050383319
0.95,15.71717,symbol_modality_33288_512_shared_weights_0_aux,33288,512,1362291,0.9200695563,40.9243871665,29.3019333998,0.9193154252,8.9940409208,0.2443457382,0.2419099202
