title_base,GFLOPS-AOCL-k=256,GFLOPS-COO_ColInd0_Vec-k=256,GFLOPS-COO_Hilbert_Seg_NoAtomic-k=256,GFLOPS-COO_RowSplit_Vec-k=256,GFLOPS-COO_Z_Seg_NoAtomic-k=256,GFLOPS-MKL_IE-k=256
OVCAR-8H,24.94,18.63,14.95,14.96,15.00,24.86
PROTEINS,260.83,420.10,320.73,389.24,322.67,271.25
REDDIT-BINARY,27.51,20.63,16.25,16.55,16.52,27.44
amazon0505,29.14,69.52,20.64,26.13,19.57,32.30
citeseer,85.08,237.01,140.55,183.92,164.95,155.85
com-Amazon,17.73,48.73,14.02,17.48,14.29,20.55
com-Youtube,14.60,40.08,18.37,20.57,17.84,28.97
cora,145.48,256.30,191.84,205.42,193.03,116.55
harvard,345.81,682.74,309.59,332.36,323.52,312.58
ogbl-collab,17.19,41.26,17.77,17.60,18.52,19.88
ogbl-ddi,270.99,688.45,480.46,363.10,443.96,291.25
ogbn-arxiv,31.70,102.41,29.83,31.02,30.93,38.80
ogbn-proteins,92.63,612.89,279.01,104.52,274.29,112.49
pubmed,190.47,420.41,213.10,249.37,215.85,208.94
roadNet-CA,28.71,24.98,17.30,18.49,17.53,28.49
sx-stackoverflow,14.13,92.35,21.32,24.40,20.94,29.01
web-BerkStan,96.75,90.28,52.57,72.23,53.21,113.99
wiki-Talk,5.17,13.20,9.62,9.38,9.65,18.02
