mem_footprint,title_base,m,n,nnz,sparsity,nnz_per_row_avg,nnz_per_row_std,bw_avg_n,nnz_max_diff,num_neigh_avg,cross_row_similarity_avg
0.11958,citeseer,3327,3327,9340,0.9991561966,2.8073339345,3.4069493970,0.3018600083,34.6209850107,0.0267665953,0.0047964401
0.13459,cora,2708,2708,10858,0.9985193496,4.0096011817,5.3064768530,0.4538290180,41.1488303555,0.0664947504,0.0075942957
1.09000,pubmed,19717,19717,88673,0.9997719082,4.4972866055,7.4350703478,0.3189278054,37.0229269338,0.0179987144,0.0059940156
2.02078,PROTEINS,43471,43471,162088,0.9999142268,3.7286466840,1.1496070551,0.0008968228,5.7048455160,0.4526306698,0.6136794690
12.23755,ogbl-ddi,4267,4267,1067911,0.9413470616,250.2720881181,286.4443151834,0.8367529620,7.1271547910,0.3705814436,0.2779362704
11.97344,ogbl-collab,235868,235868,967632,0.9999826071,4.1024301728,9.1881456867,0.3030288740,70.9085974833,0.0002004894,0.0001206713
13.99259,ogbn-arxiv,169343,169343,1166243,0.9999593318,6.8868686630,8.8794014726,0.4921390073,62.3088884564,0.0003978588,0.0044457039
18.93169,harvard,15126,15126,1649234,0.9927916795,109.0330556657,111.5702473898,0.8761281213,9.8499206298,0.0279378184,0.0258052054
22.46893,com-Amazon,334863,334863,1851744,0.9999834862,5.5298554931,5.7616299450,0.5733564818,98.2792670045,0.0086199820,0.0052248770
26.06317,REDDIT-BINARY,859254,859254,1991016,0.9999973033,2.3171448722,20.6676231424,0.0001569538,1320.4538446703,0.2706135963,0.2715859626
39.98073,amazon0505,410236,410236,3356824,0.9999800538,8.1826655876,3.0731714362,0.3420929990,0.2220956476,0.4753725545,0.2833504603
52.37632,OVCAR-8H,1890931,1890931,3946402,0.9999988963,2.0870153379,1.1623768305,0.0000059109,1.3957658140,0.2505015961,0.6014418750
66.59933,wiki-Talk,2394385,2394385,5021410,0.9999991241,2.0971606488,99.9150152154,0.0090130389,47693.0095451278,0.1444343322,0.4074190875
70.84245,roadNet-CA,1971281,1971281,5533214,0.9999985761,2.8069128653,1.0052779193,0.0044810971,3.2751594281,0.1617999954,0.3582619821
72.71055,com-Youtube,1134890,1134890,5975248,0.9999953607,5.2650459516,50.7543429107,0.1948996348,5460.3008631608,0.2820713048,0.4391655358
89.59586,web-BerkStan,685230,685230,7600595,0.9999838127,11.0920347912,16.3560322707,0.0804534539,21.4485411997,0.4933724268,0.7765961547
424.58469,sx-stackoverflow,2601977,2601977,36233450,0.9999946482,13.9253536830,137.8498583104,0.2401553809,2738.4636336314,0.0030920048,0.1165800170
453.24818,ogbn-proteins,132534,132534,39561252,0.9977477561,298.4988908506,395.0593978917,0.3699590734,23.0134895630,0.3525904084,0.1958088653
